S. No.,cleaned_text,numeric_label
1,rofl true name,0
2,guy bitching acted like id interested buying something else next week gave us free,0
3,pity mood soany suggestions,0
4,b going esplanade fr home,0
5,nd time tried contact u u pound prize claim easy call p per minute btnationalrate,1
6,reminder get pounds free call credit details great offers pls reply text valid name house postcode,1
7,huh lei,0
8,dont wait til least wednesday see get,0
9,ard like dat lor,0
10,ok lor sony ericsson salesman ask shuhui say quite gd use considering,0
11,get dump heap mom decided come lowes boring,0
12,anything lor juz us lor,0
13,arent next ltgt hours imma flip shit,0
14,sorry ill call later,0
15,meant calculation ltgt units ltgt school really expensive started practicing accent important decided years dental school youll nmde exam,0
16,yes thats u texted pshewmissing much,0
17,yeh indians nice tho kane bit shud go drink sometime soon mite hav go da works laugh soon love pete x x,0
18,well keep mind ive got enough gas one round trip barring sudden influx cash,0
19,hahahause brain dear,0
20,safe trip nigeria wish happiness soon company share moments,0
21,wen get spiritual deep thats great,0
22,cool time think get,0
23,know wot people wear shirts jumpers hat belt know r cribbs,0
24,trying weekend v,0
25,ic lotta childporn cars,0
26,hi durban still number,0
27,im taking derek amp taylor walmart im back time youre done leave mouse desk ill text priscillas ready,0
28,u still havent got urself jacket ah,0
29,armand says get ass epsilon,0
30,yeah jus rite,0
31,asked mobile chatlines inclu free mins india cust servs sed yes ler got mega bill dont giv shit bailiff due days want,1
32,sleepingand surfing,0
33,cant believe attached seeing every day know best get babe go teach class midnight,0
34,want explicit sex secs ring costs pmin gsex pobox wcn xx,1
35,aiyah ok wat long got improve already wat,0
36,know thinkin malaria relax children cant handle malaria would worse gastroenteritis takes enough replace loss temp reduce give malaria meds vomit self limiting illness means days completely stop,0
37,ok another number,0
38,hey chief give bell get need talk royal visit st june,0
39,happened adventuring,0
40,compliments away system side,0
41,think tantrums finished yeah ill point,0
42,one,0
43,effect irritation ignore,0
44,total disappointment texted craziest shit got,0
45,private account statement shows unredeemed sim points call identifier code expires,1
46,want tell bad feel basically times text lately need drugs,0
47,awarded sipix digital camera call landline delivery within days cs box mbp yr warranty ppm p p,1
48,going join tomorrow,0
49,thats cool want please,0
50,big chic common declare,0
51,dont want hear anything,0
52,pls send company name saibaba colany,0
53,way ive put skip right outside front house see house pull,0
54,miles smiles r made frm letters u know difference smile ur face keeps happy even though miles away u keep smiling good nyt,0
55,ya im referin meis ex wat ah waitin u treat somebody shld b rich liaoso gd den u dun work frm tmr onwards,0
56,great role model giving much really wish day miracle god reason everything must say wish knew dont ive looked since young still great day,0
57,oh okie lorwe go sat,0
58,yes please leave ltgt ltgt leave,0
59,making dinner,0
60,reassuring crazy world,0
61,went project centre,0
62,lol mad first woke gave,0
63,machan go gym tomorrow wil come late goodnight,0
64,want inside every night,0
65,gods love limit gods grace measure gods power boundaries may u gods endless blessings always ur life gud ni,0
66,told tell stupid hear wont tell anything dad called brother spoken,0
67,wait msg ltgt min,0
68,perhaps much easy give account identification tomorrow uni,0
69,apo mokka players,0
70,private account statement shows unredeemed points call identifier code expires,1
71,love one law make happy person love way friendship one law never make ur friend feel alone alive gud night,0
72,get step outta way congrats,0
73,wake gt,0
74,sms services inclusive text credits pls goto wwwcomuknet login qxj unsubscribe stop extra charge help comuk cm ae,1
75,yes trust u buy new stuff asap try,0
76,good afternoon love goes day sleep hope well boytoy think,0
77,cool shall go see go tip anyway home got something drop later lets go town tonight maybe mum take us,0
78,think rule tamilnaduthen tough people,0
79,marvel mobile play official ultimate spiderman game ur mobile right text spider game send u free ball wallpaper,1
80,u studying sch going home anyway ill b going sch later,0
81,k sent,0
82,oh thanks loti already bought eggs,0
83,k sent,0
84,p per min call germany bt line p per min check planettalkinstantcom info ts cs text stop opt,1
85,ofcourse also upload songs,0
86,also fuck family going rhode island wherever fuck leaving alone week new bong gt,0
87,picking various points going yeovil motor project hours u take home max easy,0
88,li hai bored da lecturer repeating last weeks stuff waste time,0
89,urgent trying contact last weekends draw shows u prize guaranteed call claim code k valid hrs p pm,1
90,shall call dear food,0
91,seen whos back holby,0
92,really hope work doesnt get stressful gr day,0
93,probably ltgt,0
94,todaysundaysunday holidayso work,0
95,yes princess want please every night wish command,0
96,dhoni luck win big titleso win,0
97,wheres mummys boy good bad positive negative mummy made wait hmmmm,0
98,ok lor reaching message,0
99,well obviously people cool college life went home,0
100,yup,0
101,thought slide enough,0
102,ok lor,0
103,urgent last weekends draw shows cash spanish holiday call claim tc rstm sw ss ppm,1
104,get garden ready summer free selection summer bulbs seeds worth scotsman saturday stop go notxtcouk,1
105,httptms widelivecomindex wmlidadafirsttruec c ringtone,1
106,shall bring us bottle wine keep us amused joking ill bring one anyway,0
107,treasure every moment spend together,0
108,u goin nite,0
109,txt call claim reward hours talk time use phone subscribegbpmnth inc hrs stoptxtstop wwwgambtv,1
110,ok thk got u wan come wat,0
111,december mobile mths entitled update latest colour camera mobile free call mobile update co free,1
112,hear loud scream ltgt minutes cause gyno shoving things dont belong,0
113,sorry ill call later,0
114,arun u transfr amt,0
115,sparkling shopping breaks per person call visit wwwshortbreaksorguk,1
116,wishing beautiful day moment revealing even things keep smiling enjoy,0
117,im wondering right,0
118,except theres chick huge boobs,0
119,hello wats talks email address,0
120,sing hu think also important find someone female know place well preferably citizen also smart help navigate even things like choosing phone plan require guidance doubt ask especially girls,0
121,sac needs carry,0
122,latest news police station toilet stolen cops nothing go,1
123,aight pick open tonight,0
124,takes away money worries,0
125,back good journey let know need receipts shall tell like pendent,0
126,thats fine got enough bud last night least,0
127,good morning repair shopthe reason im hour,0
128,guaranteed award maybe even cash claim ur award call free legitimat efreefone number wat u think,1
129,thought id get watch cos thats kind thing u getanth loves much,0
130,way make sure u get train worc foregate street shrub hill fun night x,0
131,thank generally date brothas,0
132,hey ive booked lessons sun liao,0
133,youdoing later sar xxx,0
134,slow using biolas fne,0
135,mode men left,0
136,im wif buying tix lar,0
137,jesus armand really trying tell everybody find,0
138,youre gon na way specific,0
139,thanx lot ur help,0
140,wasnt paying attention,0
141,make time tonight whenever cool text whenever youre around,0
142,er yeah b sorry tell pubcafe sit come wen u,0
143,didnt complete gist oh,0
144,santa calling would little ones like call santa xmas eve call book time,1
145,oh yeah diet flew window,0
146,otherwise part time job natuition,0
147,u horrible gal u knew dat going wif yest n u still come n ask,0
148,sorry ill call later,0
149,ok ksry knw sivatats askd,0
150,hi elaine todays meeting confirmed,0
151,dont know oh hopefully month,0
152,im bruce amp fowler im moms car cant park long story,0
153,really hows masters,0
154,nope forgot show next week,0
155,slave want take pictures today bright light cell phone bright light,0
156,get chicken broth want ramen unless theres dont know,0
157,east coast,0
158,nite nite pocay wocay luv u n e thing eva promise ring u morrowxxxx,0
159,gr handle victoria island traffic plus whens album due,0
160,ask u meeting da ge tmr nite,0
161,daddy shu shu looking u u wan tell ure singapore wat,0
162,first time everything,0
163,pub,0
164,yup msg tat yijue tot group mate cos meeting today mah im askin leaving earlier wat mah cos mayb haf walk v far,0
165,dear angry busy dear,0
166,many days since,0
167,pls give prometazine syrup mls ltgt mins later feed,0
168,gd got free ice cream oso wan,0
169,hi babe thanks coming even though didnt go welli wanted bed hope see soon love kisses xxx,0
170,babes think got ur brolly left english wil bring mrw u luv franxx,0
171,hard true much show amp express love someonethat much hurt leave get seperatedud evening,0
172,hes apparently bffs carly quick,0
173,hi hope good day better night,0
174,thats necessarily respectful,0
175,want custom officer discount oh,0
176,dunno lei shd b driving lor cos go sch hr oni,0
177,dont know exactly could ask chechi,0
178,done handed dont know mega shop asda counts celebration thats im,0
179,ooooooh forgot tell u get yoville phone,0
180,watching ajith film ah,0
181,nt joking seriously told,0
182,okok okthenwhats ur todays plan,0
183,much fights good nite,0
184,gentle baby soon taking ltgt inches deep inside tight pussy,0
185,im work please call,0
186,friends help us problems give stupid suggestion lands us another problem helps us forgt previous problem,0
187,babes hope ok shit nights sleep fell asleep im knackered im dreading work tonight thou upto tonight x,0
188,good day toopray meremove teeth painful maintaining stuff,0
189,make squeezed ltgt bucks dad,0
190,new message call,1
191,sunny california weathers cool,0
192,somebody set website play hold em using eve online spacebucks,0
193,free entry grprizes wkly comp chance win latest nokia psp cash every wktxt great httpwwwgrprizescom,1
194,current leading bid pause auction send customer care,1
195,dont want leave im barely stay sane fighting constantly isnt helping,0
196,cant pick phone right pls send message,0
197,u konw waht rael friendship im gving yuo exmpel jsut ese tihs msg evrey splleing tihs msg wrnog bt sitll yuo raed wihtuot ayn mitsake goodnight amp nice sleepsweet dreams,0
198,k ill head mins see,0
199,ok problem u frm wats matter,0
200,lol oh got friend dog,0
201,datingi two started sent text talk sport radio last week connection think coincidence,1
202,hi mom might back later ltgt,0
203,important message final contact attempt important messages waiting customer claims dept expires call,1
204,trying figure im suppose see couple different people week said wed get together didnt set dates,0
205,xmas reward waiting computer randomly picked loyal mobile customers receive reward call,1
206,call send girls erotic ecstacy pmin stop texts call nat rate,1
207,think mentor percent sure,0
208,im inside officestill filling formsdon know leave,0
209,yep get program youre slacking,0
210,hey iouri gave number im wylie ryans friend,0
211,ur face test ltgt select number tell ur face astrology waiting quick reply,0
212,hmm shall bring bottle wine keep us amused joking ill still bring bottle red white see tomorrow,0
213,ok,0
214,tell something thats okay,0
215,living simple loving also simple laughing simple winning tooo simple simple difficult,0
216,aiyo cos sms neva reply wait reply lar tot havent finish ur lab wat,0
217,guai shd haf seen hes naughty free today go jogging,0
218,good morning princess great day,0
219,yup paragon havent decided whether cut yet hee,0
220,one interested may business plan,0
221,im home,0
222,thought put back box,0
223,sir thats hr trip bus last week another audition next wednesday think might drive time,0
224,parents kidz friends n colleagues screaming surprise waiting sofa naked,0
225,wat,0
226,guys planning coming,0
227,go openings room til thanksgiving without upcharge,0
228,u r subscribed textcomp wkly comp st wks free question follows subsequent wks chargedpmsg unsubscribe txt stop custcare,1
229,course make stink,0
230,u awake snow,0
231,youd like wouldnt jerk,0
232,wan na gym,0
233,birthday feb ltgt da,0
234,sounds better evening im costume im sure time finish tomorrow txt end,0
235,pride im almost ltgt years old shouldnt takin money kid youre supposed deal stuff grownup stuffwhy dont tell,0
236,garbage bags eggs jam bread hannaford wheat chex,0
237,neither sterm voice im studying fine sure thing resolved tho anyway fab hols,0
238,think steyn surely get one wicket,0
239,x course yrs messages messenger lik r sending,0
240,dude im longer pisces im aquarius,0
241,sir waiting letter,0
242,sweet heart,0
243,wishing wonderful week,0
244,makes happy,0
245,gal n boy walking park galcan hold ur hand boyy u think would run away galno jst wana c feels walking heaven princegn,0
246,dear sirsalam alaikkumpride pleasure meeting today tea shopwe pleased send contact number qatarrakhesh indianpls save numberrespectful regards,0
247,aah bless hows arm,0
248,thanks ill keep mind,0
249,ok problem yup im going sch rem correctly,0
250,havent got da topic yet rite,0
251,kothi print marandratha,0
252,good morning love go sleep wish great day full feeling better opportunity last thought babe love kiss,0
253,k fyi im back parents place south tampa might need deal somewhere else,0
254,jus finish watching tv u,0
255,hahahause brain dear,0
256,get official england poly ringtone colour flag yer mobile tonights game text tone flag optout txt eng stop box wwx,1
257,sister going earn da,0
258,got ur favorite oyster n got favorite sashimi ok lar dun say already wait ur stomach start rumbling,0
259,kkim going tirunelvali week see uncle already spend amount taking dress want moneyi give feb,0
260,yeah thats thinking,0
261,jolly good way give u tickets sat eve speak x,0
262,im coming back thursday yay gon na ok get money cheers oh yeah everything alright hows school call work,0
263,leave,0
264,ill mins look,0
265,hi missed call mumhas beendropping red wine theplace adress,0
266,pls ask macho much budget bb bold cos saw new one ltgt dollars,0
267,tell quite long cos havent finish film yet,0
268,ltgt bucks banks fees fixed better call bank find,0
269,time come tomorrow,0
270,cant make tonight,0
271,well good morning mr hows london treatin ya treacle,0
272,ill hand phone chat wit u,0
273,darling sister whens school resuming minimum wait period reapply take care,0
274,u coming funeral home,0
275,alex says hes ok ok,0
276,xmas iscoming ur awarded either cd gift vouchers free entry r weekly draw txt music tnc wwwldewcomwinppmxagesubscription,1
277,donno genes something,0
278,urgent please call landline cash luxury canary islands holiday await collection tcs sae po box mxy ppm,1
279,xy trying smth u eat already havent,0
280,dear call,0
281,hey congrats u id luv ive go home,0
282,excellent thought misundrstud frnd knw u hate bt day wen ull knw truth ull hate urself gn,0
283,hey dont forget mine possession property mmm childish smile,0
284,im still pretty weak today bad day,0
285,urgent week free membership prize jackpot txt word claim tc wwwdbuknet lccltd pobox ldnwarw,1
286,sent ur email id soon,0
287,yeah probably,0
288,gone get info bt dont know,0
289,princess,0
290,vikky come around lttimegt,0
291,helloooo wake sweet morning welcomes enjoy day full joy gud mrng,0
292,urgent mobile number awarded prize guaranteed call land line claim valid hrs ppm,1
293,best msg hard person u know one step foward make u fall love amp one step back ruin ur friendship good night,0
294,dunno leh cant remember mayb lor wat time r meeting tmr,0
295,oh yeah clearly fault,0
296,hi hope ur day good back walk table booked half eight let know ur coming,0
297,latebut kwish,0
298,hellohow u doingwhat u u b moving flat cos need arrange pick lamp etc take care hello caroline,0
299,u wan come dinner tonight,0
300,u fix teethif asapok take care,0
301,dont prize go another customer tc wwwtcbiz pmin polo ltd suite london wj hl please call back busy,1
302,er enjoyin indians moyep sall good hehe hows bout u shexy pete xx,0
303,anything lar going home dinner,0
304,hi darlin kate u doin somethin tonight im going pub called swan something parents one drink phone u,0
305,gud niswt drmstake care,0
306,storming msg wen u lift phne u say hello u knw wt real meaning hello name girl yes u knw dat girl margaret hello girlfrnd f grahmbell invnted telphone moralone get name person bt girlfrnd g n g h,0
307,pls speak wont ask anything friendship,0
308,see film,0
309,absolutely love south park recently started watching office,0
310,anyone calls treadmill say youll buy make sure working found ad craigslist selling ltgt,0
311,help u swoop picking u wherever ur birds r meeting u want,0
312,cbe chennai,0
313,usualiam fine happy amp well,0
314,well shes big surprise,0
315,ok sweet dreams,0
316,didnt get anything da,0
317,please tell car keys purse,0
318,studies alone without anyones help cant need study,0
319,yeah work fine started last week stuff dull easy guys fun,0
320,urgent please call landline cash holiday await collection cs sae po box mxy,1
321,k im leaving soon little,0
322,u come n search tat vidnot finishd,0
323,gud ni dearslp welltake careswt dreamsmuah,0
324,havent eaten day im sitting staring juicy pizza cant eat meds ruining life,0
325,thank princess want see nice juicy booty,0
326,thanks temales wonderful thank great week,0
327,course dont tease know simply must see grins keep posted prey loving smile devouring kiss,0
328,hmm thinking lor,0
329,part checking iq,0
330,gud gudk chikku tke care sleep well gud nyt,0
331,jay wants work first hows sound,0
332,yeah still give ride,0
333,someonone know trying contact via dating service find could call mobile landline boxskch,1
334,uworld site buying qbank buying self assessment also,0
335,ok cool see ya,0
336,hey project started aha da,0
337,chosen receive award pls call claim number collect award selected receive valued mobile customer,1
338,realise busy guy im trying bother get exams outta way try cars gr day,0
339,nope im still market,0
340,means u could keep ur words,0
341,private account statement fone shows unredeemed points call identifier code expires,1
342,remet alex nichols middle school turns hes dealing,0
343,prabhaim sorydarealyfrm heart im sory,0
344,smile pleasure smile pain smile trouble pours like rain smile sum hurts u smile becoz someone still loves see u smiling,0
345,oh fuck juswoke bed boatin docks slept wid year old spinout giv u da gossip lr xxx,0
346,die want u stuffs,0
347,nightswe nt staying port step liaotoo ex,0
348,jane babes goin wrk feel ill lst nite foned already cover chuck,0
349,take exam march,0
350,pls needs dat slowly vomit,0
351,accidentally brought em home box,0
352,well thats nice bad cant eat,0
353,late,0
354,keep ten rs shelf buy two egg,0
355,natalja f inviting friend reply yes see wwwsmsacunat stop send stop frnd,1
356,pa selected,0
357,kkhow business,0
358,yesterday true true,0
359,dai downloaded exe file run exe installing,0
360,know thinkin malaria relax children cant handle malaria would worse gastroenteritis takes enough replace loss temp reduce give malaria meds vomit self limiting illness means days completely stop,0
361,hiwhat think match,0
362,babe im answering cant see maybe youd better reboot ym got photo great,0
363,reach ur home ltgt minutes,0
364,mobile mths update free oranges latest colour camera mobiles unlimited weekend calls call mobile upd freefone stoptxt,1
365,come get b quite diff guess rite,0
366,fineabsolutly fine,0
367,wot student discount u get books,0
368,costa del sol holiday await collection call toclaim sae tc pobox stockport skxh costpm maxmins,1
369,call germany pence per minute call fixed line via access number prepayment direct access wwwtelediscountcouk,1
370,ugh leg hurts musta overdid mon,0
371,shes fine difficulties phone works mine pls send another friend request,0
372,like cheap im happy splash wine makes feel better,0
373,spook mob halloween collection logo pic message plus free eerie tone txt card spook zed p per logopic,1
374,darren saying dat u meeting da ge den dun meet dinner cos later u leave xy feel awkward den u meet lunch lor,0
375,ok take ur time n enjoy ur dinner,0
376,wylie tampa sarasota,0
377,oh oh den muz change plan liao go back yan jiu,0
378,sorry ill call later,0
379,records indicate u maybe entitled pounds compensation accident claim free reply claim msg stop txt stop,1
380,ree entry weekly comp chance win ipod txt pod get entry std txt rate tcs apply details,1
381,okie,0
382,time u wrkin,0
383,uploaded mine facebook,0
384,cooked rather nice salmon la,0
385,im town ill jus take mrt later,0
386,fuuuuck need stop sleepin sup,0
387,sent like,0
388,k sure relatives home sms de pls,0
389,babe fucking love know fuck good hear voice need crave cant get enough adore ahmad kisses,0
390,hi hope u r ok said would text hasnt u seen let gently please,0
391,sms auction brand new nokia auction today auction free join take part txt nokia,1
392,strange watching nd one im bed sweet dreams miss u,0
393,company goodenvironment terrific food really nice,0
394,rajipls favour pls convey birthday wishes nimya pls today birthday,0
395,water logging desert geoenvironmental implications,0
396,u,0
397,aight text tonight well see whats,0
398,oh k come tomorrow,0
399,im school n ill da lab stuff give call r done,0
400,im going lunch,0
401,ive got salt rub open wounds like,0
402,oh charge camera,0
403,dun believe leh tot told true already thk muz c us tog believe,0
404,still got lessons sch,0
405,congrats mobile g videophones r call videochat wid ur mates play java games dload polyph music noline rentl bx ip p,1
406,ok leave need ask,0
407,send text well skype later,0
408,lol need cash nitros hurry come crash,0
409,ok r meeting later,0
410,bluray player,0
411,come karnan car please wait till pm directly goto doctor,0
412,k k sms chat,0
413,sir need velusamy sirs date birth company bank facilities details,0
414,new years eve ok went party boyfriend si hey,0
415,like ltgt question,0
416,havent left yet probably gon na til dinner,0
417,idk im sitting stop shop parking lot right bawling eyes feel like im failure everything nobody wants feel like im failing,0
418,problem renewal ill right away dont know details,0
419,happy new year u ur familymay new year bring happiness stability tranquility ur vibrant colourful life,0
420,pls call da happen,0
421,kthen come wenever u lik come also tel vikky come getting free time,0
422,get garden ready summer free selection summer bulbs seeds worth scotsman saturday stop go notxtcouk,1
423,oh unintentionally bad timing great fingers trains play along give fifteen min warning,0
424,aiyar u poor thing give u support k jia ill think u,0
425,im office dawhere,0
426,hi darlin im helens fone im gon na b princes nite please come tb love kate,0
427,started dont stop pray good ideas anything see help guys ill forward link,0
428,free st week nokia tone ur mobile every week txt nokia get txting tell ur mates wwwgetzedcouk pobox wwq normptone,1
429,yeah imagine would really gentle unlike docs treat patients like turkeys,0
430,oh shut omg yesterday dream kids boys pissed kids boys even told mark dream changing diapers cause im getting owed face,0
431,yup havent want go yoga call book,0
432,costa del sol holiday await collection call toclaim sae tc pobox stockport skxh costpm maxmins,1
433,nice pubs near frankie n bennys near warner cinema,0
434,sorry grocers,0
435,sday joinedso training started today,0
436,hmm dunno leh mayb bag goigng dat small jus anything except perfume smth dat keep,0
437,still working time also tried adding zeros savings checking ltgt,0
438,sucks ill go u hair youll free right,0
439,way,0
440,rose redred bloodblood heartheart u u send tis ur friends including u like u get back u r poor relation u need support u r frnd many luvs u praying god marry u try,0
441,wot wed nite til,0
442,cuz ibored wan na study,0
443,wonderful okors great month cherish guys wish well day mojibiola,0
444,work ah den plus lor u workin oso rite den go orchard lor place go liao,0
445,impossible argue always treats like sub like never released remind necessary,0
446,hi chikku send nice msgs,0
447,enufcredeit tocallshall ileave uni get bus yor house,0
448,oops ltgt,0
449,private account statement,1
450,lol real told dad cancer,0
451,driving training,0
452,aslamalaikkuminsha allah tohar beeen muht albi mufti mahfuuzmeaning,0
453,thanks fills complete calm reassurance,0
454,get lions england tone reply lionm mono lionp poly go wwwringtonescouk original n best tones gbp network operator rates apply,1
455,argh fuck nobody town,0
456,u definitely need module e humanities dis sem izzit u wan take modules st,0
457,december mobile mths entitled update latest colour camera mobile free call mobile update vco free,1
458,ive reached sch already,0
459,new message please call,1
460,oh got many responsibilities,0
461,sign maturity start saying big things actually start understanding small things nice evening bslvyl,0
462,really need kiss u miss u baby ur baby eva,0
463,ding ya break fassyole blacko londn,0
464,wnt buy bmw car urgentlyits vry urgentbut hv shortage ltgt lacsthere source arng dis amt ltgt lacsthats prob,0
465,boy loved gal propsd bt didnt mind gv lv lttrs bt frnds threw thm boy decided aproach gal dt time truck speeding towards gal wn hit girld boy ran like hell n saved asked hw cn u run fast boy replied boost secret energy n instantly girl shouted energy n thy lived happily gthr drinking boost evrydy moral story hv free msgsd gud ni,0
466,news hassling get weed week andres money haughaighgtujhyguj,0
467,msg mobile content order resent previous attempt failed due network error queries customersqueriesnetvisionukcom,1
468,nope thats fine might nap tho,0
469,aight call youre close,0
470,ah well confuses things doesnt thought friends maybe wrong thing already sort invited tho may come cos money,0
471,themobhit link get premium pink panther game new sugababes crazy zebra animation badass hoody wallpaperall free,1
472,sorry mates phone didnt write love kate,0
473,im really really broke oh amount small even ltgt,0
474,kkthis month kotees birthday know,0
475,hi shanilrakhesh herethanksi exchanged uncut diamond stuffleaving back excellent service dino prem,0
476,gokila talking aha,0
477,fri ah okie lorgoin drivin den go shoppin tt,0
478,check rooms befor activities,0
479,st andre virgils cream,0
480,type stuff sing,0
481,wont anything de,0
482,good morning im suffering fever dysentry able come office today,0
483,omg one thing another cat worms bad day end,0
484,sorry missed call please call back,0
485,hey happy birthday,0
486,aiya discuss later lar pick,0
487,amazing rearrange letters gives meaning dormitory dirty room astronomer moon starer eyes see election results lies lets recount motherinlaw woman hitler eleven plus two twelve plus one amazing,0
488,keep ur problems ur heart bcoz nobody fight u u amp u fight ur self amp win battle vivekanand g sd ham yeah give call youve got minute ham hi babe uawakefeellikw shitjustfound via aletter thatmum gotmarried thnovbehind ourbacks fuckinniceselfishdeviousbitchanywayil call u,0
489,mark works tomorrow gets work house meet u afterwards,0
490,want new nokia colour phone deliveredtomorrow free minutes mobile free texts free camcorder reply call,1
491,guy flash go call call madam take care oh,0
492,well im glad didnt find totally disagreeable lol,0
493,nd attempt contract u weeks top prize either cash prize call,1
494,want sent ltgt mesages today thats sorry hurts,0
495,gud ni dearslp welltake careswt dreamsmuah,0
496,win shopping spree every week starting play text store skilgme tscs winawk age perweeksub,1
497,different styles,0
498,p alfie moons children need song ur mob tell ur ms txt tone charity nokias poly charity polys zed profit charity,1
499,hai dear friends new amp present number rajitha raj ranju,0
500,talk g x,0
501,uk break accommodationvouchers terms conditions apply claim mustprovide claim number,1
502,calls later afternoon onwords mtnl service get problem south mumbai hear cannt listen,0
503,brother transfered ltgt ltgt pa,0
504,dunno lei like dun haf,0
505,ok also wan watch e pm show,0
506,havent stuck orchard dads car going dinner u leh r free tonight,0
507,sorry ill call later meeting sir,0
508,think disturbing da,0
509,free video camera phones half price line rental mths cross ntwk mins txts call mobileupd calloptout,1
510,geeeee internet really bad today eh,0
511,hey next sun theres basic yoga course bugis go pilates intro next sat tell time r free,0
512,goodnight da thangam really miss u dear,0
513,train back northampton im afraid im staying skyving today ho ho around wednesday though fancy comedy club week way,0
514,double mins double txt price linerental latest orange bluetooth mobiles call mobileupd latest offers calloptoutlf,1
515,lmao know well,0
516,tick tick tick could die loneliness know pouts stomps feet need,0
517,sis lor juz watched italian job,0
518,vote wherever heart guides,0
519,yeah basically time next week get away mom amp get,0
520,hmmmstill dont opener,0
521,desires u going doctor liver get bit stylish get ur hair managed thats,0
522,sent jd customer service cum accounts executive ur mail id details contact us,0
523,dunno dad said coming home bring us lunch yup go w u lor call u reach school lor,0
524,ic lol play doors sometime yo,0
525,jamster get free wallpaper text heart tc apply need help call,1
526,ran younger man make pretty babies together,0
527,natalie f inviting friend reply yes see wwwsmsacunataliek stop send stop frnd,1
528,pls clarify back open return ticket preponed go back kerala,0
529,thanks talk saturday dear cherish brother role model,0
530,didnt hear,0
531,wont believe true incredible txts reply g learn truly amazing things blow mind ofwd ptxt,1
532,many times told stage use laugh listen aha,0
533,want go perumbavoor,0
534,really good see day dudette missing,0
535,ok vldo u know got adsense approved,0
536,hey inconvenient sis huh,0
537,coming friday leave pongaldo get news work place,0
538,id like tell deepest darkest fantasies call pmin stop texts call nat rate,1
539,go chase run shes crossing street,0
540,private account statement shows unredeemed sim points call identifier codexx expires,1
541,ur cashbalance currently pounds maximize ur cashin send go pmeg cc hgsuitelands rowwjhl,1
542,gon na ask lol think,0
543,happen,0
544,anyway holla whenever youre around need excuse go creep people sarasota,0
545,yes possible dint try pls dont tell one k,0
546,sad puppy noise,0
547,cool last little getting time soon,0
548,great office today,0
549,babe talking think good boy missing love,0
550,dear xxxxxxx uve invited xchat final attempt contact u txt chat pmsgrcvdhgsuitelandsrowwjhl ldn yrs,1
551,hey galsu wan na meet dinner nte,0
552,think two still need get cash def ready,0
553,hello boytoy geeee im missing today like send tm remind im thinking loved loving kiss,0
554,uncle g checking rewarding month,0
555,u attend ur driving lesson many times wk n day,0
556,guaranteed cash prize claim yr prize call customer service representative ampm cost p,1
557,way rencontre meet mountains dont,0
558,mobile numberpls sms ur mail idconvey regards achanammarakheshqatar,0
559,go fool dont cheat others ok,0
560,oh k come tomorrow,0
561,ill b soon,0
562,guess pub im im happy pig clover whatever saying,0
563,theres someone year ltgt toyota camry like mr olayiwolas mileage ltgt kits clean need know much sell raise dough soon landing sell holla back,0
564,cds u congratulations ur awarded cd gift vouchers gift guaranteed freeentry wkly draw xt music tncs wwwldewcomwinppmxage,1
565,still around looking pick later,0
566,nope since ayo travelled forgotten guy,0
567,well like actually called someone punto woulda worse,0
568,hmph go head big baller,0
569,talk,0
570,esplanade lor else,0
571,happy new year hope good semester,0
572,looked addie goes back monday sucks,0
573,drive read need write,0
574,hey kate hope ur ok give u buz wedlunch go outsomewhere adrink towncud go watershd bit ppl fromwrk bthere love petexxx,0
575,im hungry buy smth home,0
576,made eta taunton planned hope thats still okday good see xx,0
577,phony award todays voda numbers ending xxxx selected receive award match please call quoting claim code standard rates app,1
578,telling coulda real valentine wasnt u never pick nothing,0
579,channel,0
580,rushing im working im school rush go hungry,0
581,thats u haf keep busy,0
582,dont let studying stress lr,0
583,goldviking inviting friend reply yes see wwwsmsacugoldviking stop send stop frnd,1
584,networking job,0
585,slept thinkthis time ltgt pm dangerous,0
586,said okay sorry,0
587,u today,0
588,spending new years brother family lets plan meet next week ready spoiled,0
589,jade paul didnt u txt u remember barmed want talk u txt,0
590,boy late home father power frndship,0
591,gorgeous keep pix cumming thank,0
592,yar tot u knew dis would happen long ago already,0
593,aiyo u poor thing u dun wan eat u bathe already,0
594,oops shower u called hey parking garage collapsed university hospital see im crazy stuff like happen,0
595,im fine hope good take care,0
596,hey come online use msn,0
597,supposed meet discuss abt trip thought xuhui told afternoon thought go lesson,0
598,cme want go hos morow wil cme got dear didnt say time,0
599,future planned tomorrow result today best present enjoy future,0
600,donate unicefs asian tsunami disaster support fund texting donate added next bill,1
601,urgent trying contact u todays draw shows prize guaranteed call land line claim valid hrs,1
602,people game im mall iouri kaila,0
603,dear voucher holder next meal us use following link pc enjoy dining experiencehttpwwwvouchmecometlpdiningasp,1
604,want see pretty pussy,0
605,yup ok,0
606,bit ur smile hppnss drop ur tear sorrow part ur heart life heart like mine wil care u forevr goodfriend,0
607,want ltgt rs dado,0
608,mean left early check cos im working,0
609,didnt u call lunch,0
610,im viveki got call number,0
611,ahhhhjust woken uphad bad dream u thoso dont like u right didnt know anything comedy night guess im,0
612,masters buy bb cos sale hows bf,0
613,u coming back dinner rite dad ask confirm wif u,0
614,lost pounds since doc visit last week woot woot im gon na celebrate stuffing face,0
615,welcome select service added benefits call specially trained advisors free mobile dialling,1
616,hi baby im sat bloody bus mo wont home wan na somethin later call later ortxt back jess xx,0
617,hi probably much fun get message thought id txt u cos im bored james farting night,0
618,bus way calicut,0
619,hi amy sending free phone number couple days give access adult parties,1
620,great news call freefone claim guaranteed cash gift speak live operator,1
621,im already back home probably,0
622,anyway dont think secure anything lem know want drive south chill,0
623,wrong phone phone answer one assume people dont well,0
624,check maili mailed varma kept copy regarding membershiptake careinsha allah,0
625,im eatin lor goin back work soon e mountain deer show huh watch b liao nice,0
626,omg make wedding chapel frontierville get good stuff,0
627,go home liao ask dad pick,0
628,tomarrow want got court ltdecimalgt come bus stand,0
629,cancelled yeah baby well sounds important understand darlin give ring later fone love kate x,0
630,g wants know fuck,0
631,kkcongratulation,0
632,hey babe hows going ever figure going new years,0
633,hey want anything buy,0
634,free call sir,0
635,match startedindia ltgt,0
636,good morning boytoy hows yummy lips wheres sexy buns think crave need,0
637,hi sexychat girls waiting text text great night chatting send stop stop service,1
638,got takes take part wrc rally oz u lucozade energy text rally le p see packs lucozadecoukwrc itcould u,1
639,hopeing wasnt pissed remember gone sisters something,0
640,wan na art,0
641,oh yes like torture watching england,0
642,ok let u noe leave house,0
643,go e normal pilates intro,0
644,oh yah never cancel leh haha,0
645,hi dear call urgnt dont know whats problem dont want work problem least tell wating reply,0
646,common hearin r u wat r u ur day let ask u something different u smile today gud evng,0
647,g says never answer texts confirmdeny,0
648,call didnt see facebook huh,0
649,sitting mu waiting everyone get suite take shower,0
650,nd time tried contact u u pound prize claim easy call p per min btnationalrate,1
651,dropped em omw back,0
652,took hooch walk toaday fell splat grazed knees everything stayed home see tomorrow,0
653,youve already got flaky parent itsnot supposed childs job support parentnot theyre ride age anyway im supposed support ive hurt unintentional hurt nonetheless,0
654,goal arsenal henry v liverpool henry scores simple shot yards pass bergkamp give arsenal goal margin mins,1
655,way tirupur,0
656,love holiday monday feeling even go dentists hour,0
657,regret inform u nhs made mistakeu never actually bornplease report yor local hospital b terminatedwe r sorry inconvenience,0
658,good day,0
659,im solihull want anything,0
660,anything special,0
661,come online today night,0
662,warner village c colin farrell swat wkend warner village get free med popcornjust show msgticketkioskvalid c tc kiosk reply sony mre film offers,1
663,didnt mean post wrote like many times ive ritten stuff let sit feeling time angry left hit send stop wasnt checked phone got car wasnt said didnt sleep bored wouldnt time clean fold laundry etc least make bed,0
664,im reaching another stops,0
665,free polyphonic ringtone text super get free poly tone week sn pobox nr zs subscription pw,1
666,taka lor wat time u wan come n look us,0
667,ou guaranteed latest nokia phone gb ipod mp player prize txt word collect ibhltd ldnwh pmtmsgrcvd,1
668,haha first person gon na ask,0
669,oh fucks sake shes like tallahassee,0
670,cant pick phone right pls send message,0
671,half years missed friendship,0
672,want latest video handset anytime network mins half price line rental reply call delivery tomorrow,1
673,convey regards,0
674,send new number,0
675,miserable dont tell u side effects birth control massive gut wrenching cramps first months didnt sleep last night,0
676,worse uses half way stops better complete,0
677,sounds like could lot time spent chastity device boy grins take beatings like good dog going lounge nice long bath,0
678,japanese proverb one u none itu must indian version one let none itleave finally kerala version one stop none make strike,0
679,pls make note shes exposed also find school anyone else vomiting dog cat house let know later,0
680,todays vodafone numbers ending selected receive award number matches call receive award,1
681,times,0
682,poor girl cant go one day lmao,0
683,many things antibiotic used chest abdomen gynae infections even bone infections,0
684,new theory argument wins situation loses person dont argue ur friends kick amp say im always correct,0
685,usual u call ard smth,0
686,whenwhere pick,0
687,alright tylers got minor crisis home sooner thought asap,0
688,yeah open chat click friend lists make list easy pie,0
689,polyphonic tone ur mob every week txt pt st tone free get txtin tell ur friends ptone reply hl info,1
690,worlds happiest frnds never characters dey best understanding differences,0
691,lyricalladief inviting friend reply yes see wwwsmsacuhmmross stop send stop frnd,1
692,know dat feelin pete wuld get em nuther place nuther time mayb,0
693,wat happened cruise thing,0
694,lol oops sorry fun,0
695,hi dis yijue would happy work wif gek,0
696,well know mean texting,0
697,dips cell dead coming u better respond else shall come back,0
698,tension face smiling face waste face innocent face terror face cruel face romantic face lovable face decent face ltgt joker face,0
699,watching cartoon listening music amp eve go temple amp church u,0
700,okey dokey swashbuckling stuff oh,0
701,oh shit thought trip loooooool makes much sense grins sofa reference sleep couch link sent wasnt went trip oh didnt babe go celebration rents,0
702,im really sorry lit hair fire,0
703,sorry datoday wont come playi driving clas,0
704,bored housewives chat n date btnational rate pmin landlines,1
705,free messagethanks using auction subscription service pmsgrcvd skip auction txt unsubscribe txt stop customercare,1
706,nokia phone lovly,0
707,response one powerful weapon occupy place others heart always give response cares u gud nightswt dreamstake care,0
708,hey guy know breathing neck get bud anyway youd able get half track usf tonight,0
709,ok,0
710,thanks bomb date phone wanted say,0
711,yes baby need stretch open pussy,0
712,u,0
713,also north carolina texas atm would go gre site pay test results sent,0
714,im fine hope also,0
715,liked new house,0
716,gain rights wifedont demand iti trying husband toolets see,0
717,maybe find something else instead,0
718,either way works ltgt years old hope doesnt bother,0
719,sthis increase chance winning,0
720,escape theatre going watch kavalan minutes,0
721,pls help tell ashley cant find number oh,0
722,missing toopray inshah allah,0
723,valued vodafone customer computer picked win prize collect easy call,1
724,need details online job,0
725,awesome gon na soon later tonight,0
726,hmmm mayb try e shoppin area one forgot e name hotel,0
727,private account statement shows unredeemed points call identifier code expires,1
728,thats one issues california okay snow manageable,0
729,boys made fun today ok problem sent one message fun,0
730,photoshop makes computer shut,0
731,yay cant wait party together,0
732,oh rite well im best mate pete went week geva longer week,0
733,hope pee burns tonite,0
734,new mobiles must go txt nokia collect today wwwtcbiz optout gbpmtmsg txtauction,1
735,rats hey u ever vote next themes,0
736,po de need job aha,0
737,word checkmate chess comes persian phrase shah maat means king dead goodmorning good day,0
738,long get reply defer admission til next semester,0
739,lol trying make day little interesting,0
740,yup giving problems mayb ill jus leave,0
741,haha thinkin,0
742,going sleep tired travel,0
743,thought bout drink tap spile seven pub gas st broad st canal ok,0
744,,0
745,u r winner u ave specially selected receive cash holiday flights inc speak live operator claim pmin,1
746,im good thinking,0
747,check choose babe videos smsshsexnetun fgkslpopw fgkslpo,1
748,got smaller capacity one quite ex,0
749,hows ur paper,0
750,mark taking forever pick prescription pain coming back,0
751,anything valuable situations first getting second loosing,0
752,home work meh,0
753,ummmmmaah many many happy returns day dear sweet heart happy birthday dear,0
754,call ltgt min thats ok,0
755,fyi im usf swing room whenever,0
756,e admin building might b slightly earlier ill call u im reaching,0
757,honey pls find much sell predicte nigeria many times used important reply monday,0
758,dont worry though understand important put place poorly thought punishment face worst thing ever happened brb gon na go kill,0
759,whats oga left phone home saw ur messages hope good great weekend,0
760,private account statement shows unredeemed bonus points claim call identifier code expires,1
761,call u finish come n pick u,0
762,sorry delay yes masters,0
763,er hello things didnt quite go plan limping slowly home followed aa exhaust hanging,0
764,plan manage,0
765,reverse cheating mathematics,0
766,guy car shop flirting got phone number paperwork called texted im nervous course may address call boss tell knowing may get fired,0
767,cool tyler take gon na buy drop place later tonight total order quarter got enough,0
768,dont know shes getting messages,0
769,come home dont want u miserable,0
770,santa calling would little ones like call santa xmas eve call book time callsppm last mins tc wwwsantacallingcom,1
771,urgent nd attempt contact u prize yesterday still awaiting collection claim call,1
772,saw guys dolls last night patrick swayze great,0
773,sorry uncle ill keep touch,0
774,u ask next sat make im ok lor,0
775,gd luck ur exams,0
776,send resume,0
777,yup izzit still raining heavily cos im e mrt cant c outside,0
778,opposite side dropped,0
779,thanx yup coming back sun finish dinner going back hotel time flies tog exactly mth today hope well haf many mths come,0
780,thk wat eat tonight,0
781,holy living christ taking long,0
782,urgent call landline complimentary ibiza holiday cash await collection sae tcs po box sk wp ppm,1
783,indeed way either,0
784,especially since talk boston personal statement lol woulda changed realized said nyc says boston,0
785,call senthil hsbc,0
786,yup hey one day fri ask miwa jiayin take leave go karaoke,0
787,sen told going join uncle finance cbe,0
788,cant see join denis mina denis want alone time,0
789,u r beautiful girl ive ever seen u r baby come c common room,0
790,sorry completely forgot pop em round week still,0
791,quite lor dun tell wait get complacent,0
792,many people seems special first sight remain special till last sight maintain till life ends shjas,0
793,u repeat e instructions wats e road name ur house,0
794,ok u tell wat time u coming later lor,0
795,hi mobile ltgt added contact list wwwfullonsmscom great place send free sms people visit fullonsmscom,0
796,hii got money da,0
797,cheers lou yeah goodnite shame u neva came c ya gailxx,0
798,watever relation u built dis world thing remains atlast iz lonlines lotz n lot memories feeling,0
799,im sure still available though,0
800,unique user id removal send stop customer services,1
801,whens radio show,0
802,text way cup stop work bus,0
803,hitechnical supportproviding assistance us customer call email,0
804,prepare pleasured,0
805,lovely night xxx,0
806,ard rest ard leastwhich price bedrm,0
807,im home doc gave pain meds says everything fine,0
808,thanks continued support question week enter u draw cash name new us president txt ans,1
809,urgent mobile number awarded prize guaranteed call land line claim valid hrs ppm,1
810,hey looks like wrong one kappa guys numbers still phone want text see hes around,0
811,dont make life stressfull always find time laugh may add years life surely adds life ur years gud niswt dreams,0
812,u wan haf lunch im da canteen,0
813,ok lor u wan go look u,0
814,cashbincouk get lots cash weekend wwwcashbincouk dear welcome weekend got biggest best ever cash give away,1
815,well boy glad g wasted night applebees nothing,0
816,weekly coolmob tones ready download weeks new tones include crazy frogaxel f akonlonely black eyeddont p info n,1
817,youre still maybe leave credit card get gas get back like told,0
818,thanx u darlinim cool thanx bday drinks nite morrow take care c u soonxxx,0
819,beauty life next second hides thousands secrets wish every second wonderful ur life gud n,0
820,put sign choose number pin show right,0
821,orh tot u say still dun believe,0
822,camera awarded sipix digital camera call fromm landline delivery within days,1
823,thinking u x,0
824,hospital da return home evening,0
825,ya nice ready thursday,0
826,many happy returns day wish happy birthday,0
827,keep seeing weird shit bein woah realising actually reasonable im oh,0
828,pizza u want,0
829,bought test yesterday something lets know exact day u ovulatewhen get u wks pls pls dont fret know u r worried pls relax also anything ur past history u need tell,0
830,nt driving even many reasons called bbdthts chikku hw abt dvg coldheard tht vinobanagar violence hw conditionand hw ru problem,0
831,possession especially first offense,0
832,oh kafter placement ah,0
833,buy space invaders chance win orig arcade game console press games arcade std wap charge see ocoukgames terms settings purchase,1
834,good morning dear shijutta great amp successful day,0
835,wat time r going xins hostel,0
836,keng rocking ashes,0
837,dont know ask brother nothing problem thing told,0
838,ive reached already,0
839,career tel added u contact indyarockscom send free sms remove phonebook sms ltgt,0
840,mobile mths update latest cameravideo phones free keep ur number get extra free minstexts text yes call,1
841,jason says cool pick place like hour,0
842,therell minor shindig place later tonight interested,0
843,free game get rayman golf free games arcade st get ur games settings reply post save activ press key arcade termsapply,1
844,hello peach cake tasts lush,0
845,im home love still awake loving kiss,0
846,yup anything lor u dun wan ok,0
847,forgot tell smth like number sections clearer,0
848,aiyo lesson early im still sleepin haha okie u go home liao den confirm w lor,0
849,uncles atlanta wish guys great semester,0
850,k addie amp art ill get home,0
851,hey happened u switch ur cell whole day isnt good u care give call tomorrow,0
852,min go lunch,0
853,oops thk dun haf enuff go check tell,0
854,big brothers really scraped barrel shower social misfits,0
855,thats cool princess cover face hot sticky cum,0
856,huh slow tot u reach long ago liao u days leh,0
857,ya knw u vl givits ok thanks kanoanyway enjoy wit ur family wit st salary,0
858,haha awesome might need take doin tonight,0
859,say bold torch later one torch bold,0
860,wif family booking tour package,0
861,wow healthy old airport rd lor cant thk anything else ill b bathing dog later,0
862,hey anyway,0
863,yar say got error,0
864,mmmmmmm snuggles deep contented sigh whispers fucking love much barely stand,0
865,anytime,0
866,liked new mobile,0
867,win winner mr foley ipod exciting prizes soon keep eye ur mobile visit wwwwincouk,1
868,yes fine,0
869,dawhats plan,0
870,okey dokey ill bit sorting stuff,0
871,guy gets used dumb realize,0
872,urgent mobile awarded bonus caller prize nd attempt contact call boxqu,1
873,pls give food preferably pap slowly loads sugar take hour give water slowly,0
874,tessypls favor pls convey birthday wishes nimyapls dnt forget today birthday shijas,0
875,march ending ready call sure problem capital never complete far hows work ladies,0
876,surly ill give coming review,0
877,ok prob,0
878,didnt try g decided head,0
879,hmmmbut give one day,0
880,eatin lunch,0
881,pls dont play others life,0
882,alright well bring see like ltgt mins,0
883,life means lot love life love people life world calls friends call world ge,0
884,ok u take shopping u get paid,0
885,haha yeah oz kind shitload,0
886,staying town,0
887,thats cool hell night lem know youre around,0
888,sry dajst nw came home,0
889,good thing im getting connection bw,0
890,wewa iriver mb,0
891,ready call,0
892,hi babe chloe r u smashed saturday night great weekend u missing sp visionsmscom text stop stop ptext,1
893,im leaving house,0
894,forgot ask smth theres card da present lei want write smth sign,0
895,customer service announcement recently tried make delivery unable please call reschedule ref,1
896,probably im almost gas get cash tomorrow,0
897,didnt get ur full msgsometext missing send,0
898,born god said oh another idiot born god said oh competition knew one day two become freinds forever,0
899,im realy soz imat mums nite moro,0
900,send print outs da,0
901,nottel software name,0
902,ok set let u noe e details later,0
903,mum going robinson already,0
904,yes please swimming,0
905,ladies first genus second k,0
906,ok prob,0
907,call tell infront call,0
908,cant pick phone right pls send message,0
909,message great doctor india drink appy fizz contains cancer causing age,0
910,private account statement shows unredeemed points call identifier code expires,1
911,k ill work something,0
912,prasanth ettans mother passed away last night pray family,0
913,hope great day,0
914,lol yes add spice day,0
915,r e meeting tmr,0
916,xmas reward waiting computer randomly picked loyal mobile customers receive reward call,1
917,finally happened aftr decades beer cheaper petrol goverment expects us drink dont drive,0
918,please protect ethreats sib never asks sensitive information like passwordsatmsms pin thru email never share password anybody,0
919,okay going sleep later,0
920,god created gap btwn ur fingers dat sum vry special fill gaps holding ur hands plz dont ask created much gap legs,0
921,tried contact reply offer video phone anytime network mins half price line rental camcorder reply call,1
922,planning come chennai,0
923,u got persons story,0
924,sorry din lock keypad,0
925,ripped get mobile content wwwclubmobycom call polytruepixringtonesgames six downloads,1
926,havent,0
927,hide anythiing keeping distance,0
928,course guess gods got hold right,0
929,captain vijaykanth comedy captain tvhe drunken,0
930,oh ho first time u use type words,0
931,k k pa lunch aha,0
932,come din c yup cut hair,0
933,wont move morphine,0
934,oh wow thats gay firmware update help,0
935,im meeting call later,0
936,got hella gas money want go grand nature adventure galileo little bit,0
937,everybody fun evening miss,0
938,saturday sunday holiday difficult,0
939,todays voda numbers ending selected receive reward match please call quoting claim code standard rates apply,1
940,please call customer service representative ampm guaranteed cash prize,1
941,lol knew saw dollar store,0
942,im bus love,0
943,jus finish blowing hair u finish dinner already,0
944,u need presnts always bcz u cant mis love jeevithathile irulinae neekunna prakasamanu sneham prakasam ennal prabha mns prabha islove got dont mis,0
945,finally came fix ceiling,0
946,received understood n acted upon,0
947,long fuckin showr,0
948,sorry ill call later meeting,0
949,nvm im going wear sport shoes anyway im going late leh,0
950,good think could send pix would love see top bottom,0
951,called dad oredi,0
952,sunshine quiz win super sony dvd recorder canname capital australia text mquiz b,1
953,hows favourite person today r u workin hard couldnt sleep last nite nearly rang u,0
954,much got cleaning,0
955,sorry da gone mad many pending works,0
956,wat time finish,0
957,glad talking,0
